OPTICAS,Dirección,Telefono,Horario,compartir,Sitio Web,Ruta,__source_file
ZEISS VISION CENTER - by Tutto Vision,"Av. Insurgentes Sur 1271-Planta Baja, Local 6, Extremadura Insurgentes, Benito Juárez, 03740 Ciudad de México, CDMX",55 9793 1979,Lunes a viernes 10 a 8pm     Sábado  10 a 5 pm Domingo Cerrado,https://share.google/5nRNTKjYO2JYzRmsF,https://www.tuttovision.com/,"https://www.google.com/maps/dir//ZEISS+VISION+CENTER+-+by+Tutto+Vision,+Av.+Insurgentes+Sur+1271-Planta+Baja,+Local+6,+Extremadura+Insurgentes,+Benito+Ju%C3%A1rez,+03740+Ciudad+de+M%C3%A9xico,+CDMX/data=!4m6!4m5!1m1!4e2!1m2!1m1!1s0x85d1ff5a93618445:0x875d4587dc41d659?sa=X&ved=1t:57443&ictx=111",Directorio de opticas - ZEISS VISION CENTER - by Tutto .csv
Costco Wholesale Mixcoac,"Ubicado en: Plaza Eureka Power Center   Blvd. Adolfo López Mateos 1181, San Pedro de los Pinos, Álvaro Obregón, 01180 Ciudad de México, CDMX",55 5276 8160,L a V 10a 8:30 pm Sábado 9:30 a 9 pm Domingos 10 a 8 pm,https://share.google/NmWsMSBfPawzCxfSV,http://www.costco.com.mx/,"https://www.google.com/maps/dir//Costco+Wholesale+Mixcoac,+Blvd.+Adolfo+L%C3%B3pez+Mateos+1181,+San+Pedro+de+los+Pinos,+%C3%81lvaro+Obreg%C3%B3n,+01180+Ciudad+de+M%C3%A9xico,+CDMX/data=!4m6!4m5!1m1!4e2!1m2!1m1!1s0x85d201d591007645:0x5ede5a6113559c76?sa=X&ved=1t:57443&ictx=111",Directorio de opticas - Costco.csv
Costco Wholesale Polanco,"Ubicado en: Selecto Chedraui Polanco           Blvd. Miguel de Cervantes Saavedra 397, Col. Irrigación, Miguel Hidalgo, 11500 Ciudad de México, CDMX",55 8647 9900,L a V 10a 8:30 pm Sábado 9:30 a 9 pm Domingos 10 a 8 pm,https://share.google/ow5U5AKOZGV4zi0vp,http://www.costco.com.mx/,"https://www.google.com/maps/dir//Costco+Wholesale+Polanco,+Blvd.+Miguel+de+Cervantes+Saavedra+397,+Col.+Irrigaci%C3%B3n,+Miguel+Hidalgo,+11500+Ciudad+de+M%C3%A9xico,+CDMX/data=!4m6!4m5!1m1!4e2!1m2!1m1!1s0x85d20210a63c7195:0x4a63fd3379c7e027?sa=X&ved=1t:57443&ictx=111",Directorio de opticas - Costco.csv
Costco Wholesale Villa Coapa,"C. Puente 186, Coapa, Amsa, Tlalpan, 14380 Ciudad de México, CDMX",55 5483 9080,L a V 10a 8:30 pm Sábado 9:30 a 9 pm Domingos 10 a 8 pm,https://share.google/W3yRoV32t7LLkMmw2,http://www.costco.com.mx/,"https://www.google.com/maps/dir//Costco+Wholesale+Villa+Coapa,+C.+Puente+186,+Amsa,+Tlalpan,+14380+Ciudad+de+M%C3%A9xico,+CDMX/data=!4m6!4m5!1m1!4e2!1m2!1m1!1s0x85ce010440a886a9:0x682044076c95fe0d?sa=X&ved=1t:57443&ictx=111",Directorio de opticas - Costco.csv
Costco Wholesale Lindavista,"Av. Insurgentes Nte. 1320, Magdalena de las Salinas, Gustavo A. Madero, 07760 Ciudad de México, CDMX",55 5747 5680,L a V 10a 8:30 pm Sábado 9:30 a 9 pm Domingos 10 a 8 pm,https://share.google/uOmaNXqhD9ca2HWqN,http://www.costco.com.mx/,"https://www.google.com/maps/dir//Costco+Wholesale+Lindavista,+Av.+Insurgentes+Nte.+1320,+Magdalena+de+las+Salinas,+Gustavo+A.+Madero,+07760+Ciudad+de+M%C3%A9xico,+CDMX/data=!4m6!4m5!1m1!4e2!1m2!1m1!1s0x85d1f9a74972c0bb:0x432e2864684ed938?sa=X&ved=1t:57443&ictx=111",Directorio de opticas - Costco.csv
Costco Wholesale Satélite,"Perif. Blvd. Manuel Ávila Camacho 2001, Cd. Satélite, 53100 Naucalpan de Juárez, Méx.",55 5374 9940,L a V 10a 8:30 pm Sábado 9:30 a 9 pm Domingos 10 a 8 pm,https://share.google/xdoyYiLT7wYwf7SW5,http://www.costco.com.mx/,"https://www.google.com/maps/dir//Costco+Wholesale+Sat%C3%A9lite,+Perif.+Blvd.+Manuel+%C3%81vila+Camacho+2001,+Cd.+Sat%C3%A9lite,+53100+Naucalpan+de+Ju%C3%A1rez,+M%C3%A9x./data=!4m6!4m5!1m1!4e2!1m2!1m1!1s0x85d2032775065b2d:0xedc3b9e9868329df?sa=X&ved=1t:57443&ictx=111",Directorio de opticas - Costco.csv
Costco Wholesale Santa Fe,"Av. Tamaulipas 1300, Lomas de Santa Fe, Contadero, Cuajimalpa de Morelos, 05348 Ciudad de México, CDMX",55 9177 4220,L a V 10a 8:30 pm Sábado 9:30 a 9 pm Domingos 10 a 8 pm,https://share.google/INvbweXCT51Ps3j2P,http://www.costco.com.mx/,"https://www.google.com/maps/dir//Costco+Wholesale+Mixcoac,+Blvd.+Adolfo+L%C3%B3pez+Mateos+1181,+San+Pedro+de+los+Pinos,+%C3%81lvaro+Obreg%C3%B3n,+01180+Ciudad+de+M%C3%A9xico,+CDMX/data=!4m6!4m5!1m1!4e2!1m2!1m1!1s0x85d201d591007645:0x5ede5a6113559c76?sa=X&ved=1t:57443&ictx=111",Directorio de opticas - Costco.csv
Costco Wholesale Arboledas,"C. San Nicolás 10, Industrial San Nicolas, 54030 Tlalnepantla, Méx.",55 5321 3285,L a V 10a 8:30 pm Sábado 9:30 a 9 pm Domingos 10 a 8 pm,https://share.google/b6OjDJ8nMEtr4CJno,http://www.costco.com.mx/,"https://www.google.com/maps/dir//Costco+Wholesale+Arboledas,+C.+San+Nicol%C3%A1s+10,+Industrial+San+Nicolas,+54030+Tlalnepantla,+M%C3%A9x./data=!4m6!4m5!1m1!4e2!1m2!1m1!1s0x85d21d7f6083264b:0x44d1716a230a30c6?sa=X&ved=1t:57443&ictx=111",Directorio de opticas - Costco.csv
Costco Wholesale  Interlomas,"Blvd. Magnocentro 4, Bosque de las Palmas, 52787 Naucalpan de Juárez, Méx.",55 5950 0400,L a V 10a 8:30 pm Sábado 9:30 a 9 pm Domingos 10 a 8 pm,https://share.google/n4HPPQl3X4tawJzvp,https://www.costco.com.mx/,"https://www.google.com/maps/dir//Costco+Interlomas,+Blvd.+Magnocentro+4,+Bosque+de+las+Palmas,+52787+Naucalpan+de+Ju%C3%A1rez,+M%C3%A9x./data=!4m6!4m5!1m1!4e2!1m2!1m1!1s0x85d2014a1c53c4bb:0x4be13e76e97b88dd?sa=X&ved=1t:57443&ictx=111",Directorio de opticas - Costco.csv
Costco Wholesale Atizapán,": 3, Av. Adolfo Ruiz Cortines 1, Lomas de Atizapan, 52966 Cdad. López Mateos, Méx.",55 2345 0140,L a V 10a 8:30 pm Sábado 9:30 a 9 pm Domingos 10 a 8 pm,https://share.google/LCPin9mjwtPKhD6rQ,http://www.costco.com.mx/,"https://www.google.com/maps/dir//Costco+Wholesale+Atizap%C3%A1n,+3,+Av.+Adolfo+Ruiz+Cortines+1,+Lomas+de+Atizapan,+52966+Cdad.+L%C3%B3pez+Mateos,+M%C3%A9x./data=!4m6!4m5!1m1!4e2!1m2!1m1!1s0x85d21c9bdc48a163:0x9bef69dee96ac0af?sa=X&ved=1t:57443&ictx=111",Directorio de opticas - Costco.csv
Costco Wholesale  Aguascalientes,"Av. Aguascalientes Nte 802, Desarrollo Especial Bulevar a Zacatecas, 20864 Aguascalientes, Ags.",(449) 910 9760,L a V 10a 8:30 pm Sábado 9:30 a 9 pm Domingos 10 a 8 pm,https://share.google/ODXuZLxBtyecKWGLd,http://www.costco.com.mx/,"https://www.google.com/maps/dir//Costco+Wholesale,+Av.+Aguascalientes+Nte+802,+Desarrollo+Especial+Bulevar+a+Zacatecas,+20864+Aguascalientes,+Ags./data=!4m6!4m5!1m1!4e2!1m2!1m1!1s0x8429ee4d69fd4567:0xd1724455b1f36134?sa=X&ved=1t:57443&ictx=111",Directorio de opticas - Costco.csv
Costco Wholesale  Guadalajara San Isidro,"Periférico Poniente Manuel Gómez Morín 1234, Zapopan, frente a Plaza San Isidro.",33 3767 9530,L a V 10a 8:30 pm Sábado 9:30 a 9 pm Domingos 10 a 8 pm,,http://www.costco.com.mx/,,Directorio de opticas - Costco.csv
Costco Wholesale Guadalajara López Mateos,"Blvd. Adolfo López Mateos 3100,  Tlajomulco de Zúñiga ,Jalisco ,45645",(33) 3283 3330,L a V 10a 8:30 pm Sábado 9:30 a 9 pm Domingos 10 a 8 pm,https://share.google/jYgpJTBatRwSnnTLW,http://www.costco.com.mx/,"https://www.google.com/maps/dir//Costco+Wholesale+L%C3%B3pez+Mateos,+Av.+Adolfo+L%C3%B3pez+Mateos+Sur+3100,+45640+Tlajomulco+de+Zu%C3%B1iga,+Jal./data=!4m6!4m5!1m1!4e2!1m2!1m1!1s0x8428aca7a3895bf5:0x43ef7042ebdb028c?sa=X&ved=1t:57443&ictx=111",Directorio de opticas - Costco.csv
Costco Wholesale Guadalajara Vallarta,"Av. Vallarta esq, Av Rafael Sanzio 4775, Camichines Vallarta, 45020 Zapopan, Jal.",(33) 3777 4040,L a V 10a 8:30 pm Sábado 9:30 a 9 pm Domingos 10 a 8 pm,https://share.google/A9LqbFnbirORfexDd,http://www.costco.com.mx/,"https://www.google.com/maps/dir//Costco+Wholesale,+Av.+Vallarta+esq,+Av+Rafael+Sanzio+4775,+Camichines+Vallarta,+45020+Zapopan,+Jal./data=!4m6!4m5!1m1!4e2!1m2!1m1!1s0x8428aebe2a474f2f:0xf9dab594264a2840?sa=X&ved=1t:57443&ictx=111",Directorio de opticas - Costco.csv
Costco Wholesale  San Luis Potosí,"Av. Parque Chapultepec 200, Colinas del Parque, 78294 San Luis Potosí, S.L.P.",444 834 1600,L a V 10a 8:30 pm Sábado 9:30 a 9 pm Domingos 10 a 8 pm,https://share.google/22sd8KmNldyKHz6nU,http://www.costco.com.mx/,"https://www.google.com/maps/dir//Costco+Wholesale+San+Luis+Potos%C3%AD,+Av.+Parque+Chapultepec+200,+Colinas+del+Parque,+78294+San+Luis+Potos%C3%AD,+S.L.P./data=!4m6!4m5!1m1!4e2!1m2!1m1!1s0x842a98c7d16c51f5:0x57e9bc9ef36ec84?sa=X&ved=1t:57443&ictx=111",Directorio de opticas - Costco.csv
Costco Wholesale Torreón,"JJ63+WG, 27018 Torreón, Coah.",871 253 0550,L a V 10a 8:30 pm Sábado 9:30 a 9 pm Domingos 10 a 8 pm,https://share.google/44maf9uhcR0wJWy1b,https://www.costco.com.mx/,"https://www.google.com/maps/dir//JJ63%2BWG+Costco+Wholesale+Torre%C3%B3n,+Torre%C3%B3n,+Coah./data=!4m6!4m5!1m1!4e2!1m2!1m1!1s0x868fd10024bb222d:0xe502daf1d7f27ae?sa=X&ved=1t:57443&ictx=111",Directorio de opticas - Costco.csv
Costco Wholesale Saltillo,"Blvd. Venustiano Carranza 6125, Rancho de Peña, 25210 Saltillo, Coah.",844 242 0300,L a V 10a 8:30 pm Sábado 9:30 a 9 pm Domingos 10 a 8 pm,https://share.google/yhfNQWg67a4aFFCCE,https://www.costco.com.mx/,"https://www.google.com/maps/dir//Costco+Saltillo,+Blvd.+Venustiano+Carranza+6125,+Rancho+de+Pe%C3%B1a,+25210+Saltillo,+Coah./data=!4m6!4m5!1m1!4e2!1m2!1m1!1s0x868812d3cf40d03f:0x873e4b1ae63ce6dd?sa=X&ved=1t:57443&ictx=111",Directorio de opticas - Costco.csv
Costco Wholesale León Campestre,"Blvd. Eugenio Garza Sada 102, Lomas del Campestre, 37150 León de los Aldama, Gto.",477 102 1900,L a V 10a 8:30 pm Sábado 9:30 a 9 pm Domingos 10 a 8 pm,https://share.google/ya43J4UMTtv2FX5fW,https://www.costco.com.mx/,"https://www.google.com/maps/dir//Costco+Wholesale+Le%C3%B3n+Norte,+Blvd.+Eugenio+Garza+Sada+102,+Lomas+del+Campestre,+37150+Le%C3%B3n+de+los+Aldama,+Gto./data=!4m6!4m5!1m1!4e2!1m2!1m1!1s0x842bbf55c20ad6a7:0x1d153f78a8831473?sa=X&ved=1t:57443&ictx=111",Directorio de opticas - Costco.csv
Costco Wholesale León,"Blvd. J. J. Torres Landa Ote. 4137, Jardines de Jerez, 37229 León de los Aldama, Gto.",477 788 1300,L a V 10a 8:30 pm Sábado 9:30 a 9 pm Domingos 10 a 8 pm,https://share.google/tS9UpxiJU0AA8JFtv,https://www.costco.com.mx/,"https://www.google.com/maps/dir//Costco+Wholesale+Le%C3%B3n,+Blvd.+J.+J.+Torres+Landa+Ote.+4137,+Jardines+de+Jerez,+37229+Le%C3%B3n+de+los+Aldama,+Gto./data=!4m6!4m5!1m1!4e2!1m2!1m1!1s0x842bbe6b6a85c2ab:0xd79c4e20d68c075c?sa=X&ved=1t:57443&ictx=111",Directorio de opticas - Costco.csv
Costco Wholesale Monterrey,"Av Lázaro Cárdenas 800, Zona Valle Oriente, 66269 San Pedro Garza García, N.L",81 8133 9800,L a V 10a 8:30 pm Sábado 9:30 a 9 pm Domingos 10 a 8 pm,https://share.google/CrZGu751rpU6HmZN0,https://www.costco.com.mx/,"https://www.google.com/maps/dir//Costco+Wholesale+Monterrey,+Av+L%C3%A1zaro+C%C3%A1rdenas+800,+Zona+Valle+Oriente,+66269+San+Pedro+Garza+Garc%C3%ADa,+N.L./data=!4m6!4m5!1m1!4e2!1m2!1m1!1s0x8662be4534def2df:0xc037fc3a7677baed?sa=X&ved=1t:57443&ictx=111",Directorio de opticas - Costco.csv
Costco Wholesale Carretera Nacional,"Km 268 + 500, Carr Nacional 501, Bosques de Valle Alto, 64989 Monterrey, N.L.",81 1224 0050,L a V 10a 8:30 pm Sábado 9:30 a 9 pm Domingos 10 a 8 pm,https://share.google/SxnIO3MO06M4mgyYs,https://www.costco.com.mx/,"https://www.google.com/maps/dir//Costco+Wholesale+Carretera+Nacional,+Km+268+%2B+500,+Carr+Nacional+501,+Bosques+de+Valle+Alto,+64989+Monterrey,+N.L./data=!4m6!4m5!1m1!4e2!1m2!1m1!1s0x8662c751979ccd4b:0x6ea0c87c467cb891?sa=X&ved=1t:57443&ictx=111",Directorio de opticas - Costco.csv
Costco Wholesale Monterrey Cumbres,"Calle Alejandro de Rodas 6767, Pedregal Cumbres, 64340 Monterrey, N.L",81 8121 0070,L a V 10a 8:30 pm Sábado 9:30 a 9 pm Domingos 10 a 8 pm,https://share.google/0Jw2QVNSCCzoKwlkg,https://www.costco.com.mx/,"https://www.google.com/maps/dir//Costco+Wholesale,+Calle+Alejandro+de+Rodas+6767,+Pedregal+Cumbres,+64340+Monterrey,+N.L./data=!4m6!4m5!1m1!4e2!1m2!1m1!1s0x866296e2e99be8fd:0xea923d1b03f41753?sa=X&ved=1t:57443&ictx=111",Directorio de opticas - Costco.csv
Costco Wholesale Celaya,"Av Tecnológico 651, Cd Industrial de Celaya, 38010 Celaya, Gto.",461 192 1300,L a V 10a 8:30 pm Sábado 9:30 a 9 pm Domingos 10 a 8 pm,https://share.google/a0So4pgVxnP3RdCf1,https://www.costco.com.mx/,"https://www.google.com/maps/dir//Costco+Wholesale+Celaya,+Av+Tecnol%C3%B3gico+651,+Cd+Industrial+de+Celaya,+38010+Celaya,+Gto./data=!4m6!4m5!1m1!4e2!1m2!1m1!1s0x842cbab8d22e38cf:0x84984b561859bd51?sa=X&ved=1t:57443&ictx=111",Directorio de opticas - Costco.csv
Costco Wholesale Querétaro,"Boulevard Bernardo Quintana A.4107, Plaza del Parque, 76169 Santiago de Querétaro, Qro.",442 211 6700,L a V 10a 8:30 pm Sábado 9:30 a 9 pm Domingos 10 a 8 pm,https://share.google/yKSrjSuw5schPNIsb,https://www.costco.com.mx/,"https://www.google.com/maps/dir//Costco+Quer%C3%A9taro,+Boulevard+Bernardo+Quintana+A.4107,+Plaza+del+Parque,+76169+Santiago+de+Quer%C3%A9taro,+Qro./data=!4m6!4m5!1m1!4e2!1m2!1m1!1s0x85d35b1fea06b60f:0x7d3597c72fd10f9d?sa=X&ved=1t:57443&ictx=111",Directorio de opticas - Costco.csv
Costco Wholesale Puerto Vallarta,"Av Fluvial Vallarta 134, Fluvial Vallarta, 48312 Puerto Vallarta, Jal.",322 226 2580,L a V 10a 8:30 pm Sábado 9:30 a 9 pm Domingos 10 a 8 pm,https://share.google/x3vAAAzNkTEKVrCes,https://www.costco.com.mx/,"https://www.google.com/maps/dir//Costco+Puerto+Vallarta,+Av+Fluvial+Vallarta+134,+Fluvial+Vallarta,+48312+Puerto+Vallarta,+Jal./data=!4m6!4m5!1m1!4e2!1m2!1m1!1s0x8421457bd4556415:0x61b883bc9689c72d?sa=X&ved=1t:57443&ictx=111",Directorio de opticas - Costco.csv
Costco Wholesale Morelia,"Cto. Perif. Independencia 1000, 58089 Morelia, Mich.",443 322 3000,L a V 10a 8:30 pm Sábado 9:30 a 9 pm Domingos 10 a 8 pm,https://share.google/uZ6zS6redtxpaUfhv,https://www.costco.com.mx/,"https://www.google.com/maps/dir//Costco+Wholesale,+Cto.+Perif.+Independencia+1000,+58089+Morelia,+Mich./data=!4m6!4m5!1m1!4e2!1m2!1m1!1s0x842d0c35b75c7d31:0x8461c4af39502c1a?sa=X&ved=1t:57443&ictx=111",Directorio de opticas - Costco.csv
Costco WholesaleCuliacán,"Blvd. Pedro Infante 2152, Congreso del Estado, 80020 Culiacán Rosales, Sin.",667 758 5556,L a V 10a 8:30 pm Sábado 9:30 a 9 pm Domingos 10 a 8 pm,https://share.google/Wii2PN8hKlIufT3uL,https://www.costco.com.mx/,"https://www.google.com/maps/dir//Costco+Wholesale,+Blvd.+Pedro+Infante+2152,+Congreso+del+Estado,+80020+Culiac%C3%A1n+Rosales,+Sin./data=!4m6!4m5!1m1!4e2!1m2!1m1!1s0x86bcd08f3d9f42e5:0xe709178f79cf3f6b?sa=X&ved=1t:57443&ictx=111",Directorio de opticas - Costco.csv
Costco Wholesale Toluca,"Avenida S.S Juan Pablo Segundo 501, San Mateo, 52169 Metepec, Méx.",722 275 7020,L a V 10a 8:30 pm Sábado 9:30 a 9 pm Domingos 10 a 8 pm,https://share.google/pWJ7UcuWlxOjzsqxW,https://www.costco.com.mx/,"https://www.google.com/maps/dir//Costco+Wholesale,+Avenida+S.S+Juan+Pablo+Segundo+501,+San+Mateo,+52169+Metepec,+M%C3%A9x./data=!4m6!4m5!1m1!4e2!1m2!1m1!1s0x85cd8bc8cf8c32ab:0xca6dd6f7a2c4b020?sa=X&ved=1t:57443&ictx=111",Directorio de opticas - Costco.csv
Costco Wholesale Cuernavaca,"Av Vicente Guerrero 205, Lomas de la Selva, 62270 Cuernavaca, Mor.",777 101 0510,L a V 10a 8:30 pm Sábado 9:30 a 9 pm Domingos 10 a 8 pm,https://share.google/hnikxYAsqK3eV1yxw,https://www.costco.com.mx/,"https://www.google.com/maps/dir//Costco+Wholesale+Cuernavaca,+Av+Vicente+Guerrero+205,+Lomas+de+la+Selva,+62270+Cuernavaca,+Mor./data=!4m6!4m5!1m1!4e2!1m2!1m1!1s0x85cddfcabafb9bc3:0x7853061704ec179e?sa=X&ved=1t:57443&ictx=111",Directorio de opticas - Costco.csv
Costco WholesaleChihuahua,"Perif. de la Juventud 7513, Predio la Cantera, 31115 Chihuahua, Chih.",614 432 6900,L a V 10a 8:30 pm Sábado 9:30 a 9 pm Domingos 10 a 8 pm,https://share.google/CPkdRDhvKFUZQXsbz,https://www.costco.com.mx/,"https://www.google.com/maps/dir//Costco+Chihuahua,+Perif.+de+la+Juventud+7513,+Predio+la+Cantera,+31115+Chihuahua,+Chih./data=!4m6!4m5!1m1!4e2!1m2!1m1!1s0x86ea42ea728b88a7:0xf0bf3e3cabe17f0d?sa=X&ved=1t:57443&ictx=111",Directorio de opticas - Costco.csv
Costco Wholesale Puebla,"Blvrd del Niño Poblano 2904, Reserva Territorial Atlixcáyotl, Centros Comerciales Desarrollo Atlixcayotl, 72197 Heroica Puebla de Zaragoza, Pue.",222 273 5300,L a V 10a 8:30 pm Sábado 9:30 a 9 pm Domingos 10 a 8 pm,https://share.google/Wa3HxeAr3qE6pQCB8,https://www.costco.com.mx/,"https://www.google.com/maps/dir//Costco+Wholesale+Puebla,+Blvrd+del+Ni%C3%B1o+Poblano+2904,+Centros+Comerciales+Desarrollo+Atlixcayotl,+72197+Heroica+Puebla+de+Zaragoza,+Pue./data=!4m6!4m5!1m1!4e2!1m2!1m1!1s0x85cfc73eaea9f04d:0x1aad84bbe9a1637d?sa=X&ved=1t:57443&ictx=111",Directorio de opticas - Costco.csv
Costco Wholesale Xalapa,"CARR.XALAPA-SEE 366, Campo Nuevo, 91190 Xalapa-Enríquez, Ver.",228 841 6300,L a V 10a 8:30 pm Sábado 9:30 a 9 pm Domingos 10 a 8 pm,https://share.google/9SxuRyomxNchXMJdb,https://www.costco.com.mx/,"https://www.google.com/maps/dir//Costco+Wholesale+Xalapa,+CARR.XALAPA-SEE+366,+Campo+Nuevo,+91190+Xalapa-Enr%C3%ADquez,+Ver./data=!4m6!4m5!1m1!4e2!1m2!1m1!1s0x85db3233e254dbbb:0x13f293633cd717fe?sa=X&ved=1t:57443&ictx=111",Directorio de opticas - Costco.csv
Costco  Wholesale Los Cabos,"W438+9X, Carretera San José Del Cabo 1659, El Tezal, 23410 Cabo San Lucas, B.C.S.",624 146 7180,L a V 10a 8:30 pm Sábado 9:30 a 9 pm Domingos 10 a 8 pm,https://share.google/453T1NaApNGvtgrP0,https://www.costco.com.mx/,"https://www.google.com/maps/dir//W438%2B9X+Costco+Los+Cabos,+Carretera+San+Jos%C3%A9+Del+Cabo+1659,+El+Tezal,+23410+Cabo+San+Lucas,+B.C.S./data=!4m6!4m5!1m1!4e2!1m2!1m1!1s0x86af4ba094f576f3:0x3dcecc55383b9465?sa=X&ved=1t:57443&ictx=111",Directorio de opticas - Costco.csv
Costco Wholesale Veracruz,"Bv. Adolfo Ruíz Cortines 1228, Sutsem, 94294 Veracruz, Ver.",229 923 6500,L a V 10a 8:30 pm Sábado 9:30 a 9 pm Domingos 10 a 8 pm,https://share.google/FdXVwMSM6YkZjXFGd,https://www.costco.com.mx/,"https://www.google.com/maps/dir//Costco+Wholesale+Veracruz,+Bv.+Adolfo+Ru%C3%ADz+Cortines+1228,+Sutsem,+94294+Veracruz,+Ver./data=!4m6!4m5!1m1!4e2!1m2!1m1!1s0x85c340dec6f43fe1:0xed3b2db5afdd9087?sa=X&ved=1t:57443&ictx=111",Directorio de opticas - Costco.csv
Costco Wholesale Ciudad Juárez,"C. Rancho Agua Caliente 6911, Pradera Dorada, 32610 Juárez, Chih.",656 227 6800,L a V 10a 8:30 pm Sábado 9:30 a 9 pm Domingos 10 a 8 pm,https://share.google/z2mElbWDTiDnmeap9,https://www.costco.com.mx/,"https://www.google.com/maps/dir//Costco+Wholesale+Ciudad+Ju%C3%A1rez,+C.+Rancho+Agua+Caliente+6911,+Pradera+Dorada,+32610+Ju%C3%A1rez,+Chih./data=!4m6!4m5!1m1!4e2!1m2!1m1!1s0x86e75c3be02a48cf:0x730aba1563a369?sa=X&ved=1t:57443&ictx=111",Directorio de opticas - Costco.csv
Costco Wholesale Hermosillo,"Av. Luis Donaldo Colosio Murrieta 416, Villa Satelite, 83200 Hermosillo, Son.",662 236 0620,L a V 10a 8:30 pm Sábado 9:30 a 9 pm Domingos 10 a 8 pm,https://share.google/FrqtzafsYJ64e2TTH,https://www.costco.com.mx/,"https://www.google.com/maps/dir//Costco+Wholesale+Hermosillo,+Av.+Luis+Donaldo+Colosio+Murrieta+416,+Villa+Satelite,+83200+Hermosillo,+Son./data=!4m6!4m5!1m1!4e2!1m2!1m1!1s0x86ce8414b700534b:0x70d287e1acd2a557?sa=X&ved=1t:57443&ictx=111",Directorio de opticas - Costco.csv
Costco Wholesale Villahermosa,"Perif. Carlos Pellicer Cámara 403, Plutarco Elias Calles, 86170 Villahermosa, Tab.",993 187 9290,L a V 10a 8:30 pm Sábado 9:30 a 9 pm Domingos 10 a 8 pm,https://share.google/wJ2jldZseKmxLVBSJ,https://www.costco.com.mx/,"https://www.google.com/maps/dir//Costco+Wholesale+Villahermosa,+Perif.+Carlos+Pellicer+C%C3%A1mara+403,+Plutarco+Elias+Calles,+86170+Villahermosa,+Tab./data=!4m6!4m5!1m1!4e2!1m2!1m1!1s0x85edd9d7553a6911:0x93449187f0c64f6b?sa=X&ved=1t:57443&ictx=111",Directorio de opticas - Costco.csv
Costco Wholesale Mérida,"243 COL. REVOLUCIÓN CALLE 3-B, Zona Industrial, 97110 Mérida, Yuc.",999 913 4155,L a V 10a 8:30 pm Sábado 9:30 a 9 pm Domingos 10 a 8 pm,https://share.google/c0jixpCDLeFa3I6ex,https://www.costco.com.mx/,"https://www.google.com/maps/dir//Costco+Wholesale,+243+COL.+REVOLUCI%C3%93N+CALLE+3-B,+Zona+Industrial,+97110+M%C3%A9rida,+Yuc./data=!4m6!4m5!1m1!4e2!1m2!1m1!1s0x8f5676a883be8cdf:0x6feaafc65eb0a49c?sa=X&ved=1t:57443&ictx=111",Directorio de opticas - Costco.csv
Costco Wholesale Mexicali,"San Luis Río Colorado - Mexicali KM 7.5, Ex-Ejido Coahuila, 21397 Mexicali, B.C.",686 500 3400,L a V 10a 8:30 pm Sábado 9:30 a 9 pm Domingos 10 a 8 pm,https://share.google/oDYSA3Ap9PBnjYJIJ,https://www.costco.com.mx/,"https://www.google.com/maps/dir//Costco+Wholesale,+San+Luis+R%C3%ADo+Colorado+-+Mexicali+KM+7.5,+Ex-Ejido+Coahuila,+21397+Mexicali,+B.C./data=!4m6!4m5!1m1!4e2!1m2!1m1!1s0x80d770d0e476952d:0xa96a6212f9796a32?sa=X&ved=1t:57443&ictx=111",Directorio de opticas - Costco.csv
Costco Wholesale Cancún,"Av. Kabah esq Avenida Yaxchilán 24, Av Yaxchilán 37, 77505 Cancún, Q.R.",998 881 0250,L a V 10a 8:30 pm Sábado 9:30 a 9 pm Domingos 10 a 8 pm,https://share.google/Yadp0Rq5DYSbEfsFE,https://www.costco.com.mx/,"https://www.google.com/maps/dir//Costco+Wholesale+Canc%C3%BAn,+Av.+Kabah+esq+Avenida+Yaxchil%C3%A1n+24,+Av+Yaxchil%C3%A1n+37,+77505+Canc%C3%BAn,+Q.R./data=!4m6!4m5!1m1!4e2!1m2!1m1!1s0x8f4c2bf1d8a90e1b:0x87bda1b9ef5cb90d?sa=X&ved=1t:57443&ictx=111",Directorio de opticas - Costco.csv
Costco Wholesale Ensenada,"México 1 4179, Carlos Pacheco, Carlos Pacheco 7, 22832 Ensenada, B.C.",646 172 3810,L a V 10a 8:30 pm Sábado 9:30 a 9 pm Domingos 10 a 8 pm,https://share.google/6wDR7bixxa80UuI8c,https://www.costco.com.mx/,"https://www.google.com/maps/dir//Costco+Wholesale+Ensenada,+M%C3%A9xico+1+4179,+Carlos+Pacheco,+22832+Ensenada,+B.C./data=!4m6!4m5!1m1!4e2!1m2!1m1!1s0x80d88e19e6f51fc9:0x813dbd9bdba9d776?sa=X&ved=1t:57443&ictx=111",Directorio de opticas - Costco.csv
Costco Wholesale Tijuana Río,"Av. Enrique Silvestre 8351, Los Santos, 22104 Tijuana, B.C.",664 622 6500,L a V 10a 8:30 pm Sábado 9:30 a 9 pm Domingos 10 a 8 pm,https://share.google/qm2etM6oj8cfhA5jw,https://www.costco.com.mx/,"https://www.google.com/maps/dir//Costco+Wholesale,+Av.+Enrique+Silvestre+8351,+Los+Santos,+22104+Tijuana,+B.C./data=!4m6!4m5!1m1!4e2!1m2!1m1!1s0x80d9380a8f31b48b:0xf945e6b16f8f7c3d?sa=X&ved=1t:57443&ictx=111",Directorio de opticas - Costco.csv
Costco Wholesale Tijuana,"Blvrd Gral Rodolfo Sánchez Taboada 8944, Zona Urbana Rio Tijuana, 22010 Tijuana, B.C.",664 633 3555,L a V 10a 8:30 pm Sábado 9:30 a 9 pm Domingos 10 a 8 pm,https://share.google/dJ6Hv1zx9gfEe3Oqj,https://www.costco.com.mx/,"https://www.google.com/maps/dir//Costco+Wholesale,+Blvrd+Gral+Rodolfo+S%C3%A1nchez+Taboada+8944,+Zona+Urbana+Rio+Tijuana,+22010+Tijuana,+B.C./data=!4m6!4m5!1m1!4e2!1m2!1m1!1s0x80d94854641ee7f5:0xe4587017c075d307?sa=X&ved=1t:57443&ictx=111",Directorio de opticas - Costco.csv
OPTICA AMERICANA SUR,"Anillo Perif. 5415, Isidro Fabela, Tlalpan, 14030 Ciudad de México, CDMX",55 5666 6486,Lunes a sábado 10 a 8pm  Domingo Cerrado,https://share.google/H8OWebblbkPB59OTM,https://opticaamericana.com.mx/,"https://www.google.com/maps/dir//OPTICA+AMERICANA+SUR,+Anillo+Perif.+5415,+Isidro+Fabela,+Tlalpan,+14030+Ciudad+de+M%C3%A9xico,+CDMX/data=!4m6!4m5!1m1!4e2!1m2!1m1!1s0x85cdfe3461fd5993:0x14d84e2488406311?sa=X&ved=1t:57443&ictx=111",Directorio de opticas - ESPECIALISTAS OPTICOS.csv
ÓPTICA AMERICANA COYOACÁN,"Av. División del Nte. 2682, San Diego Churubusco, Coyoacán, 04120 Ciudad de México, CDMX",55 5688 3627,Lunes a sábado 10 a 8pm  Domingo Cerrado,https://share.google/4ZUInt7DYuQOhx8uK,https://opticaamericana.com.mx/,"https://www.google.com/maps/dir//%C3%93PTICA+AMERICANA+COYOAC%C3%81N,+Av.+Divisi%C3%B3n+del+Nte.+2682,+San+Diego+Churubusco,+Coyoac%C3%A1n,+04120+CDMX/data=!4m6!4m5!1m1!4e2!1m2!1m1!1s0x85d1ffce74e1d04f:0x36def7cc66c56b45?sa=X&ved=1t:57443&ictx=111",Directorio de opticas - ESPECIALISTAS OPTICOS.csv
OPTICA ARGOS TEXCOCO,"Prol. 16 de Septiembre No. 310 Loc 20 y 21 Dentro de la Plaza La Morena Col. Barrio, De S. Pablo, 56110 Texcoco de Mora, Méx.",595 954 8904,Lunes a domingo 10 a 8pm,https://share.google/dVcMLZQJFSDFJpARA,https://opticaamericana.com.mx/,,Directorio de opticas - ESPECIALISTAS OPTICOS.csv
ÓPTICA ARGOS AZCAPOTZALCO,"CERCA DEL, AV. AZCAPOTZALCO. 538 ESQ. EJE 3 NORTE MANUEL ACUÑA, METRO CAMARONES, Azcapotzalco, 02000 CDMX",55 5353 4268,Lunes a domingo 10 a 8pm,https://share.google/5vpFcM6Rp4RABdZgo,https://opticaamericana.com.mx/,"https://www.google.com/maps/dir//%C3%93PTICA+ARGOS+AZCAPOTZALCO,+CERCA+DEL,+AV.+AZCAPOTZALCO.+538+ESQ.+EJE+3+NORTE+MANUEL+ACU%C3%91A,+METRO+CAMARONES,+Azcapotzalco,+02000+CDMX/data=!4m6!4m5!1m1!4e2!1m2!1m1!1s0x85d1f87e2cbcc607:0x16a911b58fd32cb3?sa=X&ved=1t:57443&ictx=111",Directorio de opticas - ESPECIALISTAS OPTICOS.csv
ZEISS VISION CENTER SANTA FE,"Ubicado en: Centro Santa Fe    Antigua Mina La Totolapa, Av. Vasco de Quiroga 3800 local 345 Centro Comercial, Santa Fe, Cuajimalpa de Morelos, 05109 CDMX",55 1327 8033,Lunes a domingo 11 a 8pm,https://share.google/58RTUvggAFOBTzpfa,https://opticaamericana.com.mx/,"https://www.google.com/maps/dir//ZEISS+VISION+CENTER+SANTA+FE,+Antigua+Mina+La+Totolapa,+Av.+Vasco+de+Quiroga+3800+local+345+Centro+Comercial,+Santa+Fe,+Cuajimalpa+de+Morelos,+05109+CDMX/data=!4m6!4m5!1m1!4e2!1m2!1m1!1s0x85d200cbbad51b09:0x685e370183c944c0?sa=X&ved=1t:57443&ictx=111",Directorio de opticas - ESPECIALISTAS OPTICOS.csv
OPTICA AMERICANA CHOLULA,"Av. Miguel Aleman 101-B entre Morelos y de 3 Oriente Centro San Pedro Cholula, 72760 Puebla, Pue.",222 247 5545,Lunes a domingo 10 a 8pm,https://share.google/lbVuKQzLZmjKh66vU,https://opticaamericana.com.mx/,"https://www.google.com/maps/dir//OPTICA+AMERICANA+CHOLULA,+Av.+Miguel+Aleman+101-B+entre+Morelos+y+de+3+Oriente+Centro+San+Pedro+Cholula,+72760+Puebla,+Pue./data=!4m6!4m5!1m1!4e2!1m2!1m1!1s0x85cfc627b8bd2f39:0x96add5edff03e4a6?sa=X&ved=1t:57443&ictx=111",Directorio de opticas - ESPECIALISTAS OPTICOS.csv
ÓPTICA AMERICANA WTC,"Ubicado en: Plaza Dakota 95    C.C, Dakota 95-Local L-02, Nápoles, 03810 Ciudad de México, CDMX",: 55 9627 3519,Lunes a domingo 10 a 8pm,https://share.google/d1Tg5GGNIWorjzCuk,https://opticaamericana.com.mx/,"https://www.google.com/maps/dir//%C3%93PTICA+AMERICANA+WTC,+C.C,+Dakota+95-Local+L-02,+N%C3%A1poles,+03810+Ciudad+de+M%C3%A9xico,+CDMX/data=!4m6!4m5!1m1!4e2!1m2!1m1!1s0x85d1ff71e1327549:0xcd52b9ac7f99a3b4?sa=X&ved=1t:57443&ictx=111",Directorio de opticas - ESPECIALISTAS OPTICOS.csv
OPTICA AMERICANA ZENTRALIA CIUDAD DEL CARMEN,"Ubicado en: Plaza Zentralia Av Corregidora 26-Local 21 PB, Aeropuerto, 24199 Cdad. del Carmen, Camp.",938 688 5147,Lunes a domingo 11 a9 pm,https://share.google/7J3e8Pw08MzHEk817,https://opticaamericana.com.mx/,"https://www.google.com/maps/dir//OPTICA+AMERICANA+ZENTRALIA+CIUDAD+DEL+CARMEN,+Av+Corregidora+26-Local+21+PB,+Aeropuerto,+24199+Cdad.+del+Carmen,+Camp./data=!4m6!4m5!1m1!4e2!1m2!1m1!1s0x85f107a0d63efb3b:0x61e9cc3318fda7ea?sa=X&ved=1t:57443&ictx=111",Directorio de opticas - ESPECIALISTAS OPTICOS.csv
OPTICA AMERICANA ACAYA MAZATLAN,"dentro de la Plaza Acaya, Av. Oscar Pérez Escobaza No. 8201, Local 5-F, El Venadillo, 82129 Mazatlán, Sin.",669 968 0273,Lunes a domingo 10 a 8:30 pm,https://share.google/RArqbU9aWOlPZZDOn,https://opticaamericana.com.mx/,"https://www.google.com/maps/dir//OPTICA+AMERICANA+ACAYA+MAZATLAN,+dentro+de+la+Plaza+Acaya,+Av.+Oscar+P%C3%A9rez+Escobaza+No.+8201,+Local+5-F,+El+Venadillo,+82129+Mazatl%C3%A1n,+Sin./data=!4m6!4m5!1m1!4e2!1m2!1m1!1s0x1407ae1c7f924d99:0x42c1298746981ee6?sa=X&ved=1t:57443&ictx=111",Directorio de opticas - ESPECIALISTAS OPTICOS.csv
OPTICA AMERICANA TONALA,"dentro de Plaza Las Flores, Av Hidalgo 312-Local 07, San Ramón, 30500 Tonalá, Chis.",966 663 2851,Lunes a domingo 10  a9 pm,https://share.google/ozYZOzoPGl3hAav0a,https://opticaamericana.com.mx/,"https://www.google.com/maps/dir//OPTICA+AMERICANA+TONALA,+dentro+de+Plaza+Las+Flores,+Av+Hidalgo+312-Local+07,+San+Ram%C3%B3n,+30500+Tonal%C3%A1,+Chis./data=!4m6!4m5!1m1!4e2!1m2!1m1!1s0x85949fbdba165647:0x5ee76fd0c4721615?sa=X&ved=1t:57443&ictx=111",Directorio de opticas - ESPECIALISTAS OPTICOS.csv
OPTICA AMERICANA GRAN TERRAZA COAPA,"ENTRE:, C.C. GRAN TERRAZA COAPA - SORIANA, CANAL DE MIRAMONTES Y AV. DIVISION DEL NORTE 610, Calz Acoxpa LOCAL L-07 Y, COL. VILLA COAPA, Tlalpan, 14390 Ciudad de México, CDMX",55 5088 3393,Lunes a domingo 11 a 9 pm,https://share.google/0l8DyZDQWsNkL4oO5,https://opticaamericana.com.mx/,"https://www.google.com/maps/dir//OPTICA+AMERICANA+GRAN+TERRAZA+COAPA,+ENTRE:,+C.C.+GRAN+TERRAZA+COAPA+-+SORIANA,+CANAL+DE+MIRAMONTES+Y+AV.+DIVISION+DEL+NORTE+610,+Calz+Acoxpa+LOCAL+L-07+Y,+COL.+VILLA+COAPA,+Tlalpan,+14390+Ciudad+de+M%C3%A9xico,+CDMX/data=!4m6!4m5!1m1!4e2!1m2!1m1!1s0x85ce01882b2e172d:0x59c2972d94190c23?sa=X&ved=1t:57443&ictx=111",Directorio de opticas - ESPECIALISTAS OPTICOS.csv
OPTICA AMERICANA ZENTRALIA COLIMA,"Centro Comercial Zentralia, Tercer Anillo Perif. 301-local 103, Colonia Las Primaveras, 28017 Colima, Col",312 323 6128,Lunes a domingo 11 a 8pm,https://share.google/e84D5123gcK7URADp,https://opticaamericana.com.mx/,"https://www.google.com/maps/dir//OPTICA+AMERICANA+ZENTRALIA+COLIMA,+Centro+Comercial+Zentralia,+Tercer+Anillo+Perif.+301-local+103,+Colonia+Las+Primaveras,+28017+Colima,+Col./data=!4m6!4m5!1m1!4e2!1m2!1m1!1s0x8425452e9aaaaaab:0xedd3d8c987c7858e?sa=X&ved=1t:57443&ictx=111",Directorio de opticas - ESPECIALISTAS OPTICOS.csv
OPTICA AMERICANA PARQUE LAS ANTENAS,"Anillo Perif. 3278-Local L-152, La Esperanza, Iztapalapa, 09910 Ciudad de México, CDMX",55 5088 4350,Lunes a domingo 11 a 9 pm,https://share.google/cGPZdj4ItyjqMbAUb,https://opticaamericana.com.mx/,"https://www.google.com/maps/dir//OPTICA+AMERICANA+PARQUE+LAS+ANTENAS,+Anillo+Perif.+3278-Local+L-152,+La+Esperanza,+Iztapalapa,+09910+Ciudad+de+M%C3%A9xico,+CDMX/data=!4m6!4m5!1m1!4e2!1m2!1m1!1s0x85ce0354e4920297:0x19c3cd7002c785db?sa=X&ved=1t:57443&ictx=111",Directorio de opticas - ESPECIALISTAS OPTICOS.csv
OPTICA AMERICANA IGUALA TAMARINDOS,"Ubicado en: Galerías Tamarindos Iguala   Periférico Oriente, Centro, 40000 Iguala de la Independencia, Gro.",733 332 0903,Lunes a domingo 10 a 8pm,https://share.google/pxt8YQTFDYYNgnxrm,https://opticaamericana.com.mx/,"https://www.google.com/maps/dir//OPTICA+AMERICANA+IGUALA+TAMARINDOS,+Perif%C3%A9rico+Oriente,+Centro,+40000+Iguala+de+la+Independencia,+Gro./data=!4m6!4m5!1m1!4e2!1m2!1m1!1s0x85cc384287c6ab41:0xe918e923b4caa21?sa=X&ved=1t:57443&ictx=111",Directorio de opticas - ESPECIALISTAS OPTICOS.csv
